"0","library(""methylKit"")"
"2","Loading required package: GenomicRanges
"
"2","Loading required package: stats4
"
"2","Loading required package: BiocGenerics
"
"2","Loading required package: parallel
"
"2","
Attaching package: ‘BiocGenerics’

"
"2","The following objects are masked from ‘package:parallel’:

    clusterApply, clusterApplyLB, clusterCall, clusterEvalQ, clusterExport,
    clusterMap, parApply, parCapply, parLapply, parLapplyLB, parRapply, parSapply,
    parSapplyLB

"
"2","The following objects are masked from ‘package:stats’:

    IQR, mad, sd, var, xtabs

"
"2","The following objects are masked from ‘package:base’:

    anyDuplicated, append, as.data.frame, basename, cbind, colMeans, colnames,
    colSums, dirname, do.call, duplicated, eval, evalq, Filter, Find, get, grep,
    grepl, intersect, is.unsorted, lapply, lengths, Map, mapply, match, mget, order,
    paste, pmax, pmax.int, pmin, pmin.int, Position, rank, rbind, Reduce, rowMeans,
    rownames, rowSums, sapply, setdiff, sort, table, tapply, union, unique, unsplit,
    which, which.max, which.min

"
"2","Loading required package: S4Vectors
"
"2","
Attaching package: ‘S4Vectors’

"
"2","The following object is masked from ‘package:base’:

    expand.grid

"
"2","Loading required package: IRanges
"
"2","Loading required package: GenomeInfoDb
"
"0","library(""bsseq"")"
"2","Loading required package: SummarizedExperiment
"
"2","Loading required package: Biobase
"
"2","Welcome to Bioconductor

    Vignettes contain introductory material; view with 'browseVignettes()'. To cite
    Bioconductor, see 'citation(""Biobase"")', and for packages 'citation(""pkgname"")'.

"
"2","Loading required package: DelayedArray
"
"2","Loading required package: matrixStats
"
"2","
Attaching package: ‘matrixStats’

"
"2","The following objects are masked from ‘package:Biobase’:

    anyMissing, rowMedians

"
"2","Loading required package: BiocParallel
"
"2","
Attaching package: ‘DelayedArray’

"
"2","The following objects are masked from ‘package:matrixStats’:

    colMaxs, colMins, colRanges, rowMaxs, rowMins, rowRanges

"
"2","The following objects are masked from ‘package:base’:

    aperm, apply

"
"2","
Attaching package: ‘bsseq’

"
"2","The following object is masked from ‘package:methylKit’:

    read.bismark

"
"0","library(""DSS"")"
"2","Loading required package: splines
"
